icao24,firstSeen,estDepartureAirport,lastSeen,estArrivalAirport,callsign,estDepartureAirportHorizDistance,estDepartureAirportVertDistance,estArrivalAirportHorizDistance,estArrivalAirportVertDistance,departureAirportCandidatesCount,arrivalAirportCandidatesCount
010204,2024-12-19 10:20:35,EGLL,2024-12-19 14:28:33,HE42,MSR784  ,823,188,13808,3556,120,0
04018b,2024-12-19 14:15:54,,2024-12-19 14:29:57,DBBC,SKK262  ,0,0,110717,2477,0,4
0a0019,2024-12-19 12:55:43,LFPO,2024-12-19 14:33:35,,DAH1113 ,2888,33,0,0,87,0
0aca8e,2024-12-19 14:16:19,,2024-12-19 14:42:39,,AVA128  ,0,0,0,0,0,0
0b404a,2024-12-19 14:43:20,MGGT,2024-12-19 14:52:30,MGGT,TGRWC   ,258,53,44522,2216,35,6
0b4066,2024-12-19 14:32:30,MGGT,2024-12-19 14:39:50,MGGT,TGPIP   ,304,38,32673,1279,35,16
0b4156,2024-12-19 14:54:16,MGGT,2024-12-19 15:04:05,MGGT,TGACG   ,29021,639,1654,7969,22,0
0b4269,2024-12-19 15:49:19,MGGT,2024-12-19 16:11:08,MGSJ,TGEAA   ,608,14,14670,31141,35,1
0d06c1,2024-12-19 14:31:30,MMMX,2024-12-19 14:45:51,,SLI300  ,748,81,0,0,15,0
0d0979,2024-12-19 13:57:11,,2024-12-19 14:51:36,,LET7209 ,0,0,0,0,0,0
0d0a92,2024-12-19 14:50:41,MMMX,2024-12-19 15:14:25,,SLI1046 ,700,96,0,0,15,0
0d0db8,2024-12-19 13:36:29,MMMX,2024-12-19 14:28:26,,AMX904  ,549,126,0,0,15,0
152c29,2024-12-19 12:07:16,,2024-12-19 15:10:47,,SUM9122 ,0,0,0,0,0,0
155bf3,2024-12-19 15:29:12,,2024-12-19 15:40:23,UWUK,IAE297  ,0,0,24652,9341,0,0
3451d8,2024-12-19 14:42:10,LEBL,2024-12-19 15:04:33,LECN,ANE2372 ,3295,461,13686,4238,20,0
3453cc,2024-12-19 14:19:21,LEMD,2024-12-19 14:48:48,LEVT,AEA7153 ,2908,183,10357,2588,30,6
346611,2024-12-19 14:28:57,,2024-12-19 15:05:51,,VOE3536 ,0,0,0,0,0,0
398038,2024-12-19 13:58:56,LFQQ,2024-12-19 14:36:41,LFAK,RPOL35  ,4601,439,20361,11583,83,3
39856e,2024-12-19 13:06:21,LFPG,2024-12-19 14:46:33,LIAU,AFR25VW ,1567,299,21019,3028,91,1
3991e8,2024-12-19 11:50:27,LFPG,2024-12-19 14:30:42,GMMN,AFR1276 ,2090,231,22696,9858,91,0
39d300,2024-12-19 12:50:44,LFPO,2024-12-19 14:29:13,LIAU,TVF73EP ,2253,40,22373,3500,87,0
3b7566,2024-12-19 11:25:04,LFMI,2024-12-19 14:36:49,LFCE,RMUS36  ,2718,272,7668,5575,56,0
3c648a,2024-12-19 15:05:37,EDDF,2024-12-19 15:41:13,EDDM,DLH9AA  ,4417,254,2863,11129,150,3
3d602e,2024-12-19 14:19:08,EDDG,2024-12-19 15:47:34,LOIR,DFIRE   ,455,271,26393,1842,124,85
40038e,2024-12-19 14:41:38,MBPV,2024-12-19 15:11:57,MDSA,VQTGG   ,939,4,175572,2466,11,1
40039c,2024-12-19 14:49:06,MBPV,2024-12-19 15:19:49,MDSA,CXE505  ,591,42,172330,2382,11,1
4010dd,2024-12-19 10:54:18,EGKK,2024-12-19 14:44:47,GCXO,EFW06B  ,2162,448,60976,2415,112,0
4050dc,2024-12-19 15:17:46,EGLK,2024-12-19 15:21:29,EGLK,GCEGU   ,9748,510,9392,601,118,115
405637,2024-12-19 13:02:08,EGGW,2024-12-19 14:44:26,LEBL,EZY96CG ,1388,274,1861,11487,126,1
42483e,2024-12-19 15:18:45,,2024-12-19 15:48:25,LMML,GKY193  ,0,0,2751,76,0,5
4401e4,2024-12-19 13:36:11,LIMC,2024-12-19 14:30:23,,EJU131R ,632,9,0,0,69,0
4401f7,2024-12-19 14:02:20,LSGG,2024-12-19 15:04:45,LIAU,EJU82DU ,967,232,19502,2700,102,3
44058f,2024-12-19 13:59:58,LIPB,2024-12-19 15:17:50,,GAC311B ,7379,1565,0,0,57,0
440ce2,2024-12-19 14:21:20,LIPE,2024-12-19 14:59:44,,AELIA33 ,2076,518,0,0,46,0
45b103,2024-12-19 13:57:37,,2024-12-19 14:29:07,,DTR85M  ,0,0,0,0,0,0
461fa5,2024-12-19 14:28:48,EFHK,2024-12-19 15:09:59,EFRH,FIN4CL  ,1752,273,9284,2714,23,1
46d0c9,2024-12-19 14:45:22,,2024-12-19 15:07:55,,SEH5DQ  ,0,0,0,0,0,0
46d276,2024-12-19 14:29:05,LGAV,2024-12-19 14:52:31,,SEH4EL  ,18070,1818,0,0,18,0
47808a,2024-12-19 14:34:06,ENGM,2024-12-19 15:25:05,,WIF2M   ,1955,523,0,0,23,0
484acc,2024-12-19 13:39:36,EHAM,2024-12-19 14:59:09,ENSD,KLM43B  ,4601,94,20898,5098,61,0
4855d1,2024-12-19 13:06:33,EPGD,2024-12-19 14:41:53,EHAM,KLM44E  ,659,384,1978,2700,14,3
4864ed,2024-12-19 12:52:00,LIPE,2024-12-19 14:25:36,EHAM,KLM20B  ,720,244,1911,5223,46,1
486800,2024-12-19 13:03:13,EHAM,2024-12-19 15:00:15,LECN,KLM85G  ,1611,155,19254,4626,62,2
486804,2024-12-19 13:40:06,EHAM,2024-12-19 15:13:19,LESO,KLM45R  ,1709,186,28975,3172,62,4
48ac81,2024-12-19 14:23:18,EPKK,2024-12-19 14:52:16,EPWA,LOT6YM  ,596,94,1105,9666,42,1
48adaf,2024-12-19 12:57:14,LBSF,2024-12-19 14:29:08,EPWA,LOT6JF  ,988,162,1131,10557,34,1
493299,2024-12-19 12:26:32,EDDF,2024-12-19 14:58:26,LEBE,NJE979Q ,4519,323,23426,4501,149,0
49d509,2024-12-19 14:50:33,LKNY,2024-12-19 15:07:53,LKHD,OKAVM   ,14163,226,9221,89,106,99
49d526,2024-12-19 13:27:35,LTBA,2024-12-19 15:26:41,,BOH112  ,1092,49,0,0,13,0
4acaaf,2024-12-19 14:34:13,ENGM,2024-12-19 15:15:15,ENVA,SAS362  ,1033,318,782,310,21,8
4b0291,2024-12-19 14:55:41,LFBD,2024-12-19 16:11:57,LSZH,SWR3YM  ,891,118,777,63,56,129
4b17df,2024-12-19 14:46:04,LSGG,2024-12-19 15:21:17,LSZH,SWR2HY  ,343,309,941,78,102,129
4b17fe,2024-12-19 14:14:01,LKPR,2024-12-19 15:17:45,LSZH,SWR2DH  ,1020,92,1023,86,113,129
4b18fc,2024-12-18 16:12:45,,2024-12-19 14:43:21,,SWR189  ,0,0,0,0,0,0
4b2810,2024-12-19 15:28:56,LSZH,2024-12-19 15:53:29,EDNY,HBPEM   ,752,117,515,93,129,128
4ba8cc,2024-12-19 14:36:12,,2024-12-19 14:56:55,LTAI,TKJ8QX  ,0,0,19686,2483,0,7
4baa0d,2024-12-19 13:58:04,LTFM,2024-12-19 14:32:06,LTBM,THY6SU  ,2056,457,26585,3870,14,0
4bb025,2024-12-19 13:34:25,LTFJ,2024-12-19 15:00:09,LQVI,TKJ6653 ,2248,362,14104,2157,15,14
4bb065,2024-12-19 11:11:02,LTFM,2024-12-19 14:53:42,LEPP,THY1BC  ,2700,381,18020,3267,14,0
4bb843,2024-12-19 14:32:10,,2024-12-19 15:08:17,LTFB,PGT1GZ  ,0,0,21778,11266,0,2
4bb86b,2024-12-19 13:37:26,LTFJ,2024-12-19 14:40:02,LATI,PGT9XN  ,2603,362,28556,4251,15,0
4c4849,2024-12-19 14:06:42,LRBS,2024-12-19 15:14:02,LQSA,PNC5C   ,8958,983,16496,4310,22,0
4ca2c0,2024-12-19 13:37:21,EGSS,2024-12-19 14:37:03,EIDW,RYR8BW  ,1668,313,1719,11775,109,4
4ca6d9,2024-12-19 13:18:48,EKCH,2024-12-19 14:28:28,EDDL,SAS1621 ,3677,825,848,92,48,123
4ca814,2024-12-19 14:06:40,EGSS,2024-12-19 15:05:55,LFEL,RYR93WH ,1564,267,25248,3055,109,1
4cacb5,2024-12-19 13:04:58,EKCH,2024-12-19 14:42:53,,SAS2898 ,1236,558,0,0,48,0
4cacc8,2024-12-19 15:05:01,ESSA,2024-12-19 15:24:12,EFKG,SAS2728 ,405,278,18501,2847,22,0
4cad5a,2024-12-19 13:43:25,LIML,2024-12-19 14:32:25,,ITY1641 ,132,14,0,0,56,0
4cadb9,2024-12-19 12:46:10,,2024-12-19 15:06:35,LIPE,RYR1VD  ,0,0,3062,6721,0,0
4cadbd,2024-12-19 10:58:24,EICK,2024-12-19 14:32:59,GCXO,RYR47UX ,2926,487,60884,2255,18,0
4cae15,2024-12-19 14:02:22,LIML,2024-12-19 14:48:13,,ITY1671 ,239,44,0,0,57,0
4cae4a,2024-12-19 10:50:00,LFOB,2024-12-19 14:49:44,GCXO,RYR652R ,2911,583,61798,2308,84,0
4cc330,2024-12-19 15:04:33,BIRK,2024-12-19 15:17:32,BIKA,ICE26Y  ,689,358,7971,5132,30,0
4d2139,2024-12-19 08:02:52,OMDW,2024-12-19 16:00:54,VMMC,VJT146  ,594,170,9706,5815,20,1
4d2255,2024-12-19 13:05:57,,2024-12-19 14:53:06,LIMC,RYR32CX ,0,0,1074,11043,0,4
4d2301,2024-12-19 12:49:37,LFOB,2024-12-19 15:03:09,LRSV,RYR252J ,2424,492,22625,4343,85,0
4d2368,2024-12-19 13:43:47,LFRS,2024-12-19 14:45:09,LECN,RYR54LY ,14052,1671,14400,4405,50,2
501c25,2024-12-19 14:25:18,LDZB,2024-12-19 14:44:35,LQVI,CTN344  ,12895,1854,25732,2135,56,18
501c38,2024-12-19 14:08:53,LDZB,2024-12-19 14:28:18,LQLV,CTN8A   ,10704,1549,24919,5860,54,0
501da8,2024-12-19 13:22:11,EDDM,2024-12-19 14:28:40,LD57,CTN39PR ,2066,247,21496,5361,115,1
501dc5,2024-12-19 15:07:57,LDPL,2024-12-19 15:18:10,LDRO,CTN7T   ,6571,1044,59926,2205,43,7
502cd0,2024-12-19 14:42:33,EYVI,2024-12-19 15:17:03,,BTI3FL  ,139,122,0,0,28,0
710103,2024-12-19 12:07:07,,2024-12-19 15:17:41,ZGSD,SVA986  ,0,0,5848,6774,0,0
71c354,2024-12-19 10:51:04,RKSI,2024-12-19 14:37:12,RPVU,TWB189  ,4098,313,27708,5102,56,0
738053,2024-12-19 11:08:06,LIMC,2024-12-19 14:37:19,LLBG,ELY382  ,916,28,1347,10626,69,4
738485,2024-12-19 14:58:57,LLBG,2024-12-19 15:19:52,OJAI,AIZ821  ,1060,156,842,3300,35,1
738488,2024-12-19 14:05:49,LLBG,2024-12-19 14:29:24,OJAI,AIZ813  ,2097,156,846,3323,33,1
750203,2024-12-19 13:30:51,VTBS,2024-12-19 15:11:44,WMKK,MAS781  ,2061,181,13767,3347,14,0
75056c,2024-12-19 09:42:18,YPPH,2024-12-19 14:45:12,WMKM,MXD152  ,1110,32,16702,2511,34,11
75056f,2024-12-19 14:09:12,WSSL,2024-12-19 14:27:56,WMKM,MXD806  ,9609,2122,20800,2778,1,0
758087,2024-12-19 14:13:34,RPLL,2024-12-19 14:44:38,,GAP2121 ,2478,175,0,0,25,0
758532,2024-12-19 14:00:24,RPLL,2024-12-19 14:27:57,,CEB579  ,491,182,0,0,26,0
75853a,2024-12-19 14:22:32,RPLL,2024-12-19 14:51:59,,APG607  ,2175,121,0,0,25,0
75860f,2024-12-19 13:59:20,RPLL,2024-12-19 14:28:04,,CEB461  ,2882,198,0,0,25,0
76aa6b,2024-12-19 12:38:21,WSSS,2024-12-19 14:30:11,,JSA239  ,1167,252,0,0,19,0
7c19d2,2024-12-19 15:07:07,YTWB,2024-12-19 15:31:23,YMYB,FD447   ,170163,2473,19505,2594,1,4
7c6b2b,2024-12-19 05:36:40,YBBN,2024-12-19 14:41:25,YPPH,JST932  ,1328,72,982,35,45,34
800d18,2024-12-19 13:58:05,VOMM,2024-12-19 14:41:17,VOSX,SEJ2703 ,536,189,20059,6057,5,0
8013bd,2024-12-19 12:15:07,VEBI,2024-12-19 14:35:44,,AXB1954 ,76818,1620,0,0,2,0
80140b,2024-12-19 12:24:56,VIDP,2024-12-19 14:41:55,,IGO272E ,2150,250,0,0,15,0
80140c,2024-12-19 14:08:08,VOBL,2024-12-19 14:28:50,VOCB,IGO144  ,14186,1440,12025,5677,5,1
801442,2024-12-19 14:03:04,VOBL,2024-12-19 14:25:29,,IGO309  ,8355,571,0,0,10,0
80146d,2024-12-19 14:00:30,VOMM,2024-12-19 14:41:13,VOTR,IGO7592 ,770,205,9027,7478,5,0
80149b,2024-12-19 12:58:25,VIDP,2024-12-19 14:39:16,VEBA,IGO2057 ,1475,167,14281,598,15,11
80149d,2024-12-19 13:50:18,VOBL,2024-12-19 14:33:02,,IGO907L ,22614,1363,0,0,6,0
8014bb,2024-12-19 14:26:14,,2024-12-19 14:44:47,,IGO6303 ,0,0,0,0,0,0
80152f,2024-12-19 14:47:55,VOBL,2024-12-19 15:09:13,VOCB,IGO435  ,14298,1386,4163,5555,6,1
801540,2024-12-19 14:01:08,,2024-12-19 14:37:05,,IGO351P ,0,0,0,0,0,0
801551,2024-12-19 14:04:15,VOMM,2024-12-19 14:32:38,,IGO562  ,1261,243,0,0,5,0
8015f0,2024-12-19 13:58:42,,2024-12-19 14:35:05,VOCB,AXB2834 ,0,0,2505,6370,0,1
8015f3,2024-12-19 14:46:59,VOMM,2024-12-19 15:20:39,VOSX,IGO62C  ,973,235,14131,6659,5,1
801723,2024-12-19 14:16:55,VOBL,2024-12-19 14:36:50,,IGO54J  ,19787,1607,0,0,4,0
86d8cc,2024-12-19 13:27:29,RJAA,2024-12-19 14:45:53,RJOF,SJO425  ,878,42,13729,2672,16,2
880c44,2024-12-19 13:52:53,VTBD,2024-12-19 14:30:14,,AIQ3112 ,2882,347,0,0,15,0
881051,2024-12-19 14:08:05,VTBD,2024-12-19 14:41:00,,NOK536  ,2795,324,0,0,15,0
881425,2024-12-19 13:55:46,VTBD,2024-12-19 14:28:37,VTSE,AIQ3031 ,2337,241,12942,10974,15,0
8830f0,2024-12-19 14:04:39,VTBD,2024-12-19 14:29:57,,TLM764  ,2875,279,0,0,15,0
896497,2024-12-19 14:17:23,OMSJ,2024-12-19 14:28:25,,ABY118  ,341,26,0,0,22,0
8a054f,2024-12-19 15:03:17,,2024-12-19 15:36:02,,LKN190  ,0,0,0,0,0,0
8a0830,2024-12-19 13:50:05,,2024-12-19 14:30:22,WARR,BTK6588 ,0,0,24537,3426,0,0
8a098c,2024-12-19 13:43:49,,2024-12-19 14:47:55,,AWQ222  ,0,0,0,0,0,0
8a0a3e,2024-12-19 14:45:08,,2024-12-19 15:05:03,,TNU5533 ,0,0,0,0,0,0
a001de,2024-12-19 14:23:04,KRIC,2024-12-19 15:01:13,KBCB,N1VA    ,2223,192,8736,2291,367,60
a00705,2024-12-19 15:08:18,MGGT,2024-12-19 15:12:55,,N100ZT  ,2178,281,0,0,35,0
a02a37,2024-12-19 14:23:16,SOML,2024-12-19 14:32:17,SPQR,N11DT   ,46060,1892,26530,1246,12,3
a02ac7,2024-12-19 14:08:16,KTKI,2024-12-19 14:53:18,K2F7,N11KM   ,2043,96,6691,323,484,426
a02eaf,2024-12-19 13:58:50,KADS,2024-12-19 14:55:29,,N1101A  ,646,43,0,0,496,0
a04183,2024-12-19 14:34:50,KCLT,2024-12-19 14:56:33,KPSK,VTE3852 ,1827,153,1874,3412,314,3
a091f3,2024-12-19 13:52:04,KATL,2024-12-19 14:31:08,K1R8,EDV4826 ,1641,91,28382,2499,317,48
a0dc03,2024-12-19 15:46:17,1TS9,2024-12-19 15:48:57,XA65,N1544V  ,10797,571,1673,996,486,486
a105e8,2024-12-19 13:32:39,KORD,2024-12-19 14:36:45,37MO,SKW5457 ,2359,221,9820,2606,520,9
a10973,2024-12-19 13:32:18,KPHX,2024-12-19 14:32:08,K7V2,N166RD  ,359,80,9745,6271,115,13
a12295,2024-12-19 15:39:21,KUGN,2024-12-19 16:08:29,KUGN,N172WF  ,1408,174,1321,23,507,505
a12811,2024-12-19 15:09:33,KGPM,2024-12-19 15:13:13,KGPM,N174AH  ,850,3,1502,49,501,498
a1449d,2024-12-19 11:54:25,KENW,2024-12-19 14:25:47,FL90,LKF81   ,2006,314,13316,3122,495,5
a16a98,2024-12-19 12:30:04,KBEH,2024-12-19 14:41:48,KHSG,N1900W  ,9081,1472,25664,8764,392,0
a1ae99,2024-12-19 14:25:45,KPVU,2024-12-19 14:52:46,KU14,CXK408  ,386,151,35312,1242,49,48
a1b1bc,2024-12-19 12:27:47,KAUS,2024-12-19 14:29:38,KMCO,SWA4605 ,1326,134,3956,13404,427,7
a1c03a,2024-12-19 13:44:17,KIAD,2024-12-19 14:36:08,KFDW,UCA4818 ,1217,110,16854,2849,464,9
a1c7bf,2024-12-19 15:31:20,KI69,2024-12-19 16:16:51,KI69,N2135S  ,1317,47,2109,13,397,391
a1ea0a,2024-12-19 14:44:12,KLLN,2024-12-19 15:30:29,TS80,N222SL  ,2392,56,11151,2308,106,287
a1ea70,2024-12-19 14:44:47,,2024-12-19 15:15:22,KLAS,SWA1318 ,0,0,1281,11199,0,3
a1ec59,2024-12-19 14:18:21,KDEN,2024-12-19 14:49:54,KLXV,BMJ1810 ,3978,43,38562,2384,171,0
a223ba,2024-12-19 14:35:20,KDFW,2024-12-19 15:15:32,K55K,ENY3383 ,1616,127,3990,2708,495,11
a24782,2024-12-19 14:18:40,KDFW,2024-12-19 15:00:21,5TA4,ENY3920 ,3665,363,8852,2927,493,0
a24ad6,2024-12-19 14:25:40,KBOI,2024-12-19 14:35:32,20ID,N247JP  ,958,153,17173,1516,81,84
a2602c,2024-12-19 13:18:58,KIWA,2024-12-19 14:47:34,KPIH,AAY702  ,763,63,4187,2963,121,17
a28ee7,2024-12-19 14:21:53,KDAL,2024-12-19 14:50:11,41AR,SWA3134 ,1932,72,1800,5859,498,2
a29e03,2024-12-19 15:20:05,OG04,2024-12-19 15:44:41,,STT68   ,1086,2636,0,0,26,0
a2a26d,2024-12-19 13:46:39,KDAL,2024-12-19 14:52:10,65TX,SWA269  ,1246,118,15197,5204,499,1
a2b161,2024-12-19 14:17:01,KDEN,2024-12-19 14:44:04,,LYM1848 ,3753,1,0,0,171,0
a2dafe,2024-12-19 14:16:08,KVGT,2024-12-19 14:31:54,KDRA,XSM83   ,69,92,10988,2434,51,12
a31fdb,2024-12-19 15:25:13,1AZ8,2024-12-19 15:59:29,KPHX,N300FM  ,26228,1973,1200,79,19,115
a344cd,2024-12-19 14:23:22,KSOP,2024-12-19 14:39:26,KTTA,N31DK   ,6077,394,1495,59,310,329
a347e5,2024-12-19 15:52:45,1IL4,2024-12-19 16:04:09,1IS0,N310MA  ,6766,783,9018,833,270,267
a34bac,2024-12-19 13:32:04,KOKC,2024-12-19 14:38:54,,DOJ106  ,854,82,0,0,281,0
a35854,2024-12-19 13:57:20,KJFK,2024-12-19 15:10:41,KRDU,JBU285  ,1570,201,2483,10283,289,7
a3685d,2024-12-19 14:14:02,,2024-12-19 14:35:40,KLAS,JANET88 ,0,0,1803,29784,0,3
a375f7,2024-12-19 13:28:23,KJEF,2024-12-19 14:41:30,KMSN,N322CG  ,3779,465,1233,64,239,469
a403a0,2024-12-19 14:08:43,KDAB,2024-12-19 14:32:38,9FD7,N358MH  ,1347,103,9470,5108,264,8
a43ce3,2024-12-19 14:48:57,KJYO,2024-12-19 15:10:14,KJYO,N372TA  ,75,80,1228,72,463,464
a45ba2,2024-12-19 12:20:48,KJFK,2024-12-19 14:44:46,KMCO,DAL2049 ,1788,163,4309,14753,289,8
a45f59,2024-12-19 12:25:01,KLGA,2024-12-19 14:50:02,FD20,DAL379  ,676,74,10226,2979,311,13
a46670,2024-12-19 15:32:29,SOML,2024-12-19 15:45:15,SPQR,N383AA  ,60140,734,16367,1246,13,3
a4955d,2024-12-19 14:24:04,KPHX,2024-12-19 14:54:58,KP14,WSN1    ,590,111,20911,5406,115,0
a4f2d3,2024-12-19 12:42:14,SBKP,2024-12-19 14:30:33,,LAE2531 ,5360,504,0,0,132,0
a4fda0,2024-12-19 11:29:55,KBNA,2024-12-19 15:21:12,KLAS,SWA1872 ,482,113,85,19848,218,4
a504cc,2024-12-19 15:31:48,KSJT,2024-12-19 15:34:11,KSJT,N422TX  ,3215,207,4310,70,167,168
a51d46,2024-12-19 15:40:18,6TA3,2024-12-19 15:50:51,KDAL,N429CF  ,9710,24,9381,3973,495,11
a5c95b,2024-12-19 14:02:07,MGGT,2024-12-19 14:43:09,MHLE,N472JL  ,920,37,50427,2491,35,0
a6387f,2024-12-19 14:27:49,KBOI,2024-12-19 14:40:36,ID88,N50KG   ,682,46,9600,2889,81,4
a648d2,2024-12-19 15:56:12,KADS,2024-12-19 16:14:28,KHQZ,N504AF  ,142,51,3155,46,496,494
a65826,2024-12-19 14:24:17,KDEN,2024-12-19 14:53:16,KLXV,LYM515  ,3990,21,26532,2498,171,0
a68ad4,2024-12-19 13:32:02,MMTJ,2024-12-19 14:37:54,,VOI3000 ,1207,117,0,0,93,0
a6b0d2,2024-12-19 13:57:52,KDCA,2024-12-19 14:50:51,KFDW,JIA5026 ,1076,3,13886,2453,503,195
a6ce90,2024-12-19 13:42:37,KDCA,2024-12-19 14:41:29,K60J,JIA5279 ,1390,117,9250,2885,504,4
a6e614,2024-12-19 14:39:12,KTMB,2024-12-19 14:42:43,KTMB,N4208G  ,2923,89,2898,58,123,128
a6eac3,2024-12-19 13:58:43,KTPA,2024-12-19 15:07:08,KFTY,N545CT  ,1372,159,678,103,266,316
a6ec3e,2024-12-19 15:55:56,KEDC,2024-12-19 16:19:59,KEDC,N545TX  ,292,105,953,128,450,450
a73dd5,2024-12-19 14:38:33,,2024-12-19 14:50:35,XS94,N566GL  ,0,0,18161,2633,0,11
a77e8f,2024-12-19 14:40:15,KDFW,2024-12-19 15:03:14,KASL,JIA5205 ,1826,112,190,2405,492,183
a7880f,2024-12-19 15:03:36,KPVU,2024-12-19 15:18:27,K36U,N58468  ,530,143,19583,979,49,48
a794e1,2024-12-19 12:13:51,KDTW,2024-12-19 14:26:38,69FL,DAL1559 ,825,108,4275,2503,322,133
a7b832,2024-12-19 12:08:13,KHPN,2024-12-19 14:29:50,FL73,JBU251  ,1482,125,11896,2974,314,12
a7e492,2024-12-19 13:23:14,KADS,2024-12-19 14:59:07,KADS,TRF577  ,58,51,301,19249,496,14
a7fb19,2024-12-19 14:17:33,KFLL,2024-12-19 15:20:24,KGGE,NKS3647 ,35640,614,9328,3036,138,0
a808d5,2024-12-19 15:33:22,TS73,2024-12-19 16:15:17,KF35,LNG12   ,57203,2840,9397,2908,4,6
a81624,2024-12-19 15:00:03,KEWR,2024-12-19 15:11:09,KEWR,N62ZA   ,13407,47,13423,66,313,313
a81dd9,2024-12-19 13:58:50,KPDK,2024-12-19 14:31:55,KAND,N622BW  ,3584,212,6512,180,326,278
a89ccc,2024-12-19 12:24:04,KACY,2024-12-19 14:46:59,KX14,NKS306  ,2358,441,4939,2500,321,144
a8a309,2024-12-19 14:29:11,KCLT,2024-12-19 14:52:21,,PDT5877 ,3106,373,0,0,312,0
a8d5dd,2024-12-19 14:52:19,KAPA,2024-12-19 15:09:26,K20V,N669CC  ,1893,103,11651,3227,174,1
a8ef91,2024-12-19 14:58:39,KTKI,2024-12-19 15:18:48,9XS4,ARZ675  ,2733,195,6235,1021,486,479
a8ef91,2024-12-19 15:33:23,KSWI,2024-12-19 15:49:00,KSWI,ARZ675  ,1627,1014,3221,1022,482,483
a8f6e9,2024-12-19 15:27:35,KHND,2024-12-19 15:45:09,K0L7,N677ND  ,406,134,8720,12532,59,3
a923db,2024-12-19 15:07:52,KPOU,2024-12-19 15:21:58,KN69,N6884H  ,5102,795,12159,889,342,317
a97c45,2024-12-19 09:23:12,EINN,2024-12-19 15:16:15,,N710CF  ,4618,778,0,0,21,0
a9a9ef,2024-12-19 14:25:54,KDEN,2024-12-19 15:10:14,WY11,BMJ4824 ,3165,74,40508,2353,172,12
a9b775,2024-12-19 14:58:10,KCLT,2024-12-19 15:18:36,SC29,JIA5373 ,2623,343,8564,4408,315,7
aa3f21,2024-12-19 14:49:28,KSAV,2024-12-19 15:03:32,GA43,N7599X  ,224,15,7581,860,154,163
aa513c,2024-12-19 14:17:21,KDEN,2024-12-19 14:50:46,KIBM,SNC1211 ,3651,51,23737,1714,171,138
aa70b1,2024-12-19 05:02:34,EDDP,2024-12-19 15:14:02,VMMC,CKS281  ,1346,94,13998,5777,115,1
aa921e,2024-12-19 14:27:42,KMKA,2024-12-19 16:01:08,4SD4,WIS202  ,12248,771,766,50,78,57
aacf19,2024-12-19 12:30:13,CT19,2024-12-19 15:16:21,KX14,JBU1103 ,4804,882,4299,2554,257,12
aad5f2,2024-12-19 14:35:49,KDFW,2024-12-19 15:03:14,90LA,ENY3459 ,1013,104,9755,5847,496,2
aaf0f9,2024-12-19 14:39:36,KMTN,2024-12-19 16:11:24,KBWI,N804CP  ,8657,85,13146,74,557,550
ab00c4,2024-12-19 13:37:33,KDAL,2024-12-19 15:47:18,KSDL,SBE808  ,1101,118,621,79,500,118
ab44b0,2024-12-19 12:26:38,KBMC,2024-12-19 14:38:01,K0C4,N825NX  ,717,69,16259,2577,55,42
ab60a1,2024-12-19 13:50:58,KSAF,2024-12-19 14:39:26,KFST,JRE832  ,1368,160,35547,1947,50,74
ab8820,2024-12-19 13:56:54,81NC,2024-12-19 15:16:55,KABE,JRE842  ,134345,3787,274,112,0,461
ab8b80,2024-12-19 13:53:24,KPWM,2024-12-19 14:51:22,K3B1,IRO8412 ,809,75,110045,2323,152,11
abb601,2024-12-19 14:26:47,KONT,2024-12-19 15:02:23,KLAS,SWA576  ,945,47,1278,7199,142,3
abbca1,2024-12-19 14:17:13,KBWI,2024-12-19 15:11:50,K60J,SWA2719 ,1505,145,11067,2642,543,8
ac1f61,2024-12-19 11:30:23,KBOS,2024-12-19 14:45:37,37MO,RPA5638 ,1340,36,12653,2880,194,6
ac7492,2024-12-19 12:59:57,KXNA,2024-12-19 14:40:42,K20V,N901TF  ,4024,682,28585,3829,256,0
ac7ba4,2024-12-19 12:52:28,KBOI,2024-12-19 14:56:05,1AZ8,STT90   ,457,62,29849,2225,81,21
ac96df,2024-12-19 15:01:00,KLAS,2024-12-19 15:31:10,57CL,JANET10 ,2158,17,31823,2324,54,74
ace5bb,2024-12-19 13:46:57,KDTW,2024-12-19 15:05:03,K5J9,DAL1145 ,823,184,1683,3391,322,5
ad3616,2024-12-19 15:11:47,KTPA,2024-12-19 15:31:45,FL90,EJA950  ,1100,167,10563,2748,266,4
ad83f3,2024-12-19 14:04:08,KMKL,2024-12-19 14:52:13,KATL,LYM5870 ,5404,553,1741,99,216,316
ad854a,2024-12-19 13:43:56,KORD,2024-12-19 14:42:03,0PS4,SKW5607 ,2202,160,8448,2703,520,7
adfc96,2024-12-19 14:19:00,K82J,2024-12-19 15:08:20,4MS5,CONGO14 ,3497,197,20303,3471,144,0
adfe54,2024-12-19 14:33:59,KFCI,2024-12-19 15:36:16,K0A9,PAT325  ,2072,103,13741,2051,356,221
ae0047,2024-12-19 15:32:57,,2024-12-19 15:51:06,2XA0,THUG81  ,0,0,15839,5096,0,2
ae006f,2024-12-19 14:37:45,KF14,2024-12-19 14:58:49,5TA4,BURNY11 ,48566,3191,8253,2889,2,1
ae0090,2024-12-19 15:38:52,,2024-12-19 15:51:10,2XA0,THUG82  ,0,0,16092,4890,0,2
ae08ab,2024-12-19 15:03:26,OK11,2024-12-19 15:15:23,KDUC,SNAKE1  ,10711,3678,8820,3516,0,7
ae08fc,2024-12-19 14:10:54,KOZR,2024-12-19 14:48:31,26AL,WING68  ,5830,1005,5387,4768,201,11
ae1408,2024-12-19 14:16:21,KRND,2024-12-19 14:44:08,2TS8,JINX31  ,943,71,3565,2826,381,30
ae1e93,2024-12-19 15:07:00,KRND,2024-12-19 15:44:03,2TS8,ROUGH81 ,701,64,22003,2651,381,93
ae1eb1,2024-12-19 15:04:27,KNGP,2024-12-19 15:49:04,KNGP,RNGR804 ,9212,3095,5522,3469,1,8
ae1ebc,2024-12-19 14:31:52,KNSE,2024-12-19 14:52:35,MS27,BB055   ,5441,655,11597,5484,170,11
ae2ed7,2024-12-19 14:45:00,KNGP,2024-12-19 15:04:27,KNGP,RNGR804 ,2758,268,9633,3088,166,7
ae62db,2024-12-19 15:54:29,1MS8,2024-12-19 16:04:48,1MS8,VV1A162 ,14541,4347,17384,4386,0,2
c00727,2024-12-19 13:30:55,CYUL,2024-12-19 14:31:18,,CRQ921  ,1340,13,0,0,126,0
c013e6,2024-12-19 14:05:31,CFQ7,2024-12-19 14:33:29,,AKT1706 ,4851,1062,0,0,60,0
c0226c,2024-12-19 08:40:13,CYYC,2024-12-19 14:30:49,MDSB,WJA2376 ,2466,47,26162,4468,64,0
c034dd,2024-12-19 13:26:47,CYUL,2024-12-19 14:36:25,CYVO,AM414   ,1272,74,20458,2710,126,0
c04850,2024-12-19 14:08:05,CYUL,2024-12-19 14:39:03,,JZA7912 ,1553,345,0,0,127,0
c0682b,2024-12-19 13:58:55,CYMX,2024-12-19 14:33:39,,NRL942  ,2266,89,0,0,120,0
c07f01,2024-12-19 13:50:25,CYYC,2024-12-19 14:43:36,,WJA4020 ,2538,63,0,0,64,0
c0807f,2024-12-19 13:47:34,CYYC,2024-12-19 14:48:06,CJS4,WEN3480 ,3426,24,15411,2729,65,3
e480a4,2024-12-19 12:20:12,SBGR,2024-12-19 14:47:52,,TAM3438 ,26241,1894,0,0,49,0
e482c0,2024-12-19 15:02:26,,2024-12-19 15:14:40,SSMV,GLO1366 ,0,0,13416,3852,0,6
e48c30,2024-12-19 12:18:19,SBBP,2024-12-19 14:42:44,SICB,GLO1554 ,45018,1992,16213,4811,12,0
e48ce6,2024-12-19 13:20:55,SBSP,2024-12-19 14:30:07,SJNQ,TAM4762 ,2432,188,13300,7138,79,0
e48e98,2024-12-19 13:52:46,SBKP,2024-12-19 14:38:41,SJJR,AZU4119 ,4233,336,13165,4012,143,0
e49527,2024-12-19 11:43:36,SBGL,2024-12-19 14:46:02,SJNQ,GLO9060 ,2031,23,8484,7305,42,0
e497ad,2024-12-19 14:32:43,SIPA,2024-12-19 14:50:34,SNZA,PSTGG   ,2097,5532,14607,5523,0,0
e4997c,2024-12-19 14:12:48,SBSP,2024-12-19 14:29:28,SNFQ,TAM3050 ,4152,394,12382,9585,81,0
e80277,2024-12-19 14:13:07,SPJC,2024-12-19 14:55:16,,LPE2130 ,2473,323,0,0,11,0
